GemName;Usage(GS);%Usage;Usage(NR);Downloads
rails;734;1;7425;5864849
pg;251;0,342;2161;749233
jquery-rails;454;0,6185;2482;956401
haml;390;0,5313;4458;1943493
simple_form;136;0,1853;665;167627
carrierwave;140;0,1907;795;194723
sass-rails;244;0,3324;402;336305
uglifier;260;0,3542;486;355335
compass;208;0,2834;1496;508300
therubyracer;119;0,1621;267;145871
rspec-rails;511;0,6962;1640;1312088
ruby-debug19;174;0,2371;232;167352
capybara;392;0,5341;983;683720
guard-rspec;160;0,218;101;87430
rb-fsevent;130;0,1771;103;71401
growl;93;0,1267;83;49662
factory_girl_rails;330;0,4496;852;456162
valid_attribute;13;0,0177;1;2156
newrelic_rpm;234;0,3188;4935;560331
redis-store;28;0,0381;181;36262
resque;116;0,158;886;326823
meta_where;41;0,0559;331;69851
meta_search;66;0,0899;497;145551
attr_bucket;1;0,0014;3;2153
will_paginate;293;0,3992;5274;1387156
oa-oauth;29;0,0395;1182;258867
devise;364;0,4959;3330;1017956
devise-twitter;1;0,0014;4;1839
rest-client;59;0,0804;2834;1355790
aws-s3;148;0,2016;3224;614561
paperclip;262;0,3569;3389;817438
nokogiri;229;0,312;4597;2419093
mysql2;283;0,3856;1889;951590
mongrel;116;0,158;554;686686
capistrano;319;0,4346;1319;1044539
capistrano-ext;155;0,2112;614;321916
rake;237;0,3229;7444;6485780
rack;63;0,0858;7570;7064053
sass;165;0,2248;1726;763310
sprockets;30;0,0409;639;602401
hoptoad_notifier;182;0,248;2931;530263
formtastic;145;0,1975;1700;429452
uuidtools;34;0,0463;721;811143
redcarpet;35;0,0477;94;40337
mini_magick;90;0,1226;550;187031
resque_mailer;21;0,0286;148;40661
state_machine;129;0,1757;787;262211
plist;2;0,0027;52;76022
recurly;10;0,0136;104;20371
system_timer;25;0,0341;263;113522
gibbon;10;0,0136;56;9992
client_side_validations;31;0,0422;148;40209
no_peeping_toms;8;0,0109;23;8730
possessive;5;0,0068;19;2222
mime-types;49;0,0668;7326;4155126
home_run;10;0,0136;29;16194
recaptcha;28;0,0381;353;69877
rack-raw-upload;8;0,0109;17;9205
bcrypt-ruby;60;0,0817;3703;1401343
geokit;58;0,079;1188;216692
useragent;8;0,0109;52;13576
ruby-hmac;24;0,0327;1403;515210
ruby-debug;174;0,2371;802;550470
hirb;82;0,1117;452;290452
wirble;85;0,1158;306;171726
autotest-standalone;10;0,0136;24;16806
autotest-fsevent;21;0,0286;28;68931
launchy;284;0,3869;1757;837624
rack-test;51;0,0695;6547;3871219
rvm;12;0,0163;31;212281
haml-rails;149;0,203;743;189441
hpricot;114;0,1553;1649;781458
ruby_parser;62;0,0845;550;381392
acts-as-taggable-on;80;0,109;810;184573
kaltura_fu;2;0,0027;1;2253
kaminari;158;0,2153;758;163858
vagrant;3;0,0041;5;52639
thinking-sphinx;67;0,0913;753;203570
ts-delayed-delta;9;0,0123;127;30745
whenever;136;0,1853;1106;292610
cucumber-rails;224;0,3052;885;600571
database_cleaner;338;0,4605;933;615124
capybara-webkit;52;0,0708;22;23423
headless;14;0,0191;24;15741
vcr;58;0,079;69;49671
webmock;89;0,1213;133;162376
simple-rss;12;0,0163;167;62354
redis;85;0,1158;1265;533648
chronic;54;0,0736;1067;453973
RedCloth;98;0,1335;1601;662703
ruby-recaptcha;3;0,0041;62;15999
javan-whenever;4;0,0054;150;0
velir_kaltura-ruby;2;0,0027;4;4747
tripwire_notifier;1;0,0014;20;2925
savon;23;0,0313;281;139471
net-ldap;11;0,015;959;271549
dynamic_form;69;0,094;438;97180
escape_utils;50;0,0681;273;105962
linecache19;4;0,0054;235;260003
test-unit;35;0,0477;215;224529
gherkin;9;0,0123;904;968785
cucumber;116;0,158;953;1036013
rspec;199;0,2711;1785;1946910
mysql;110;0,1499;1734;1723318
slim_scrooge;5;0,0068;56;12473
alchemist;2;0,0027;16;9472
authlogic;84;0,1144;2189;484528
stringex;28;0,0381;352;223880
acts_as_list;74;0,1008;638;189529
princely;2;0,0027;17;6615
cancan;210;0,2861;1488;413488
fastercsv;138;0,188;2392;890987
campaign_monitor_party;1;0,0014;24;7371
acts_as_tree;15;0,0204;207;62256
money;34;0,0463;536;152778
json;166;0,2262;4222;2871033
google_currency;6;0,0082;25;7212
backup;19;0,0259;95;32875
pony;11;0,015;115;72926
mail;34;0,0463;6386;3870102
delayed_job;163;0,2221;2377;353409
daemons;52;0,0708;3372;1571300
andand;12;0,0163;188;83016
searchlogic;18;0,0245;612;178318
validation_reflection;21;0,0286;234;52816
activerecord-tableless;3;0,0041;74;24269
inaction_mailer;2;0,0027;6;4770
acts_as_commentable;12;0,0163;177;36142
query_trace;2;0,0027;12;11914
ruby-prof;51;0,0695;289;178171
bullet;31;0,0422;107;38909
annotate;81;0,1104;240;115222
foreigner;29;0,0395;174;57533
ffaker;49;0,0668;116;44661
metric_fu;36;0,049;165;98241
webrat;87;0,1185;566;565100
mocha;152;0,2071;756;606322
spork;206;0,2807;548;349405
velir_virtualbox;1;0,0014;1;80
devise_invitable;39;0,0531;223;58818
wysihat-engine;1;0,0014;8;6988
ranked-model;1;0,0014;16;1735
rack-ssl;17;0,0232;713;484536
jammit-s3;7;0,0095;62;7546
heroku;80;0,109;1137;542899
rabl;16;0,0218;70;13437
mustache;16;0,0218;95;73864
poirot;1;0,0014;1;503
omniauth;110;0,1499;926;205931
settingslogic;33;0,045;213;60752
rails3-jquery-autocomplete;33;0,045;209;50986
awesome_print;107;0,1458;430;238734
shoulda;135;0,1839;585;363228
fuubar;45;0,0613;70;60676
timecop;142;0,1935;337;159092
mysqlplus;3;0,0041;16;47679
oauth2;27;0,0368;1617;402980
xml-simple;25;0,0341;2939;1132185
text;6;0,0082;73;25802
oauth;60;0,0817;2343;757952
twitter;73;0,0995;861;291878
linkedin;14;0,0191;100;18350
erubis;33;0,045;6484;3733069
libxml-ruby;24;0,0327;487;398785
braintree;18;0,0245;737;230843
populator;18;0,0245;120;45795
nested_layouts;1;0,0014;13;4593
ssl_requirement;12;0,0163;146;26169
ruby-openid;18;0,0245;1324;459215
okkez-open_id_authentication;1;0,0014;1;539
authlogic-oid;4;0,0054;72;28857
email_spec;90;0,1226;247;163675
rack-debug;9;0,0123;11;7561
adzap-ar_mailer;1;0,0014;56;10024
aasm;49;0,0668;636;168569
bitly;22;0,03;315;60779
db_populate;1;0,0014;7;3070
bluecloth;15;0,0204;268;118602
slugged;4;0,0054;13;2259
inherited_resources;97;0,1322;1007;233548
carmen;34;0,0463;218;34612
configatron;16;0,0218;259;90460
resque-scheduler;35;0,0477;317;77373
daemon-spawn;6;0,0082;80;26967
ts-resque-delta;3;0,0041;16;3453
acts_as_geocodable;16;0,0218;42;8407
pickler;3;0,0041;11;8054
sanitize;55;0,0749;566;147317
capistrano-gitflow;3;0,0041;3;4522
sitemap_generator;29;0,0395;222;50800
ancestry;43;0,0586;185;48234
fog;89;0,1213;796;263991
koala;31;0,0422;396;70801
oauth-plugin;10;0,0136;146;30745
guard-compass;12;0,0163;4;4578
guard-livereload;48;0,0654;49;28995
guard-spork;76;0,1035;57;38789
googlecharts;18;0,0245;222;64901
simplecov;104;0,1417;92;89668
pry;91;0,124;44;57995
bourne;15;0,0204;10;12654
factory_girl;161;0,2193;1505;888076
faraday;9;0,0123;1921;561185
coffee-rails;187;0,2548;238;246749
bourbon;15;0,0204;22;6360
hashie;19;0,0259;1168;423170
httparty;74;0,1008;2005;635447
yajl-ruby;70;0,0954;718;537188
fancy-buttons;20;0,0272;147;45090
thin;157;0,2139;799;609110
responders;25;0,0341;986;244901
web-app-theme;28;0,0381;60;30444
guard-bundler;54;0,0736;34;18646
coffee-script;60;0,0817;634;378467
forgery;29;0,0395;100;39537
squeel;18;0,0245;50;12767
flash_cookie_session;15;0,0204;41;7553
sqlite3;164;0,2234;1349;1212489
mongoid;83;0,1131;739;296567
bson_ext;116;0,158;1039;477011
rails-backbone;9;0,0123;19;4382
remarkable_mongoid;6;0,0082;10;8227
prototype-rails;3;0,0041;6;3419
jquery_ui_rails_helpers;1;0,0014;2;859
rails_autolink;14;0,0191;29;5465
validates_existence;2;0,0027;30;8345
validates_timeliness;32;0,0436;260;57637
activevalidators;1;0,0014;6;3996
default_value_for;14;0,0191;68;13004
rack-ssl-enforcer;11;0,015;120;22127
execjs;28;0,0381;600;463414
capistrano_colors;34;0,0463;41;30883
clearance;9;0,0123;184;47071
high_voltage;22;0,03;144;30807
flutie;5;0,0068;66;21623
silent-postgres;43;0,0586;122;26809
jammit;84;0,1144;1120;230229
copycopter_client;5;0,0068;24;12199
paper_trail;29;0,0395;255;65634
gcal4ruby;2;0,0027;35;15560
parallel_tests;39;0,0531;80;53911
jasmine;45;0,0613;151;111922
sham_rack;5;0,0068;15;13178
treetop;9;0,0123;6447;3687472
selenium-webdriver;39;0,0531;1035;855404
seed-fu;6;0,0082;99;18200
ezcrypto;11;0,015;248;76142
rmagick;113;0,154;1417;636392
acts_as_markup;2;0,0027;22;12371
rdiscount;47;0,064;464;269865
activemerchant;69;0,094;843;246630
mark_facets;2;0,0027;13;5417
twitter_oauth;13;0,0177;203;62205
fbgraph;6;0,0082;62;16272
pusher;14;0,0191;165;32721
coffeebeans;3;0,0041;13;2227
therubyracer-heroku;17;0,0232;113;24414
utility_belt;9;0,0123;12;13416
watchr;32;0,0436;76;56264
fakeweb;84;0,1144;296;209361
autotest-rails;44;0,0599;175;129059
autotest-growl;33;0,045;83;103488
taps;27;0,0368;179;119060
bson;17;0,0232;1066;530324
mini_fb;12;0,0163;157;38638
geoip;32;0,0436;295;141531
geokit-geoip-provider;1;0,0014;1;125
mechanize;48;0,0654;605;348606
better_ar;1;0,0014;1;1072
friendly_id;97;0,1322;828;194152
remarkable_activerecord;18;0,0245;96;67566
memcache-client;59;0,0804;827;494193
builder;32;0,0436;7274;4519914
ruport;8;0,0109;118;64008
color;6;0,0082;178;98798
hoe;21;0,0286;718;1152096
acts_as_reportable;6;0,0082;60;24727
archive-tar-minitar;4;0,0054;283;367358
pdf-writer;4;0,0054;155;77985
transaction-simple;1;0,0014;121;76798
dancroak-validates_email_format_of;1;0,0014;5;0
rubyforge;7;0,0095;339;1040688
utility_scopes;1;0,0014;25;3330
htmlentities;40;0,0545;592;274060
right_aws;16;0,0218;519;352636
giraffesoft-resource_controller;1;0,0014;16;0
calendar_date_select;15;0,0204;487;103098
thoughtbot-factory_girl;1;0,0014;138;0
thoughtbot-shoulda;3;0,0041;150;18465
rr;24;0,0327;78;126326
maruku;17;0,0232;110;101567
resthome;1;0,0014;1;1899
fb_graph;20;0,0272;213;61965
prawn;54;0,0736;760;210054
rqrcode-rails3;3;0,0041;2;932
rqrcode;9;0,0123;47;15088
mongoid-paperclip;5;0,0068;61;9320
simple-navigation;27;0,0368;193;66209
aws-ses;14;0,0191;164;25596
rails_code_qa;4;0,0054;20;13883
ZenTest;40;0,0545;501;587058
tiny_tds;7;0,0095;32;15073
activerecord-sqlserver-adapter;6;0,0082;55;71854
comma;8;0,0109;86;15499
declarative_authorization;17;0,0232;328;86189
jrails;14;0,0191;196;47260
edi4r;1;0,0014;4;859
aaronh-chronic;6;0,0082;828;171575
csv_pirate;1;0,0014;3;10955
sortable_table;3;0,0041;8;789
rails-settings-cached;1;0,0014;9;1499
rghost;4;0,0054;37;16744
rghost_barcode;2;0,0027;18;3887
linguistics;5;0,0068;41;9818
rails3_acts_as_paranoid;3;0,0041;64;16219
rack-perftools_profiler;6;0,0082;21;8934
rails-erd;28;0,0381;47;26532
faker;147;0,2003;877;445872
cover_me;9;0,0123;32;18368
Selenium;4;0,0054;20;57416
selenium-client;25;0,0341;169;165561
fuubar-cucumber;12;0,0163;14;9031
unicorn;115;0,1567;723;435682
amazon-ecs;4;0,0054;65;17092
turn;97;0,1322;77;166933
activerecord;16;0,0218;7409;6217944
activesupport;15;0,0204;7424;7181427
mongo;32;0,0436;1082;549094
plucky;4;0,0054;217;121670
acts-as-list;2;0,0027;20;8842
after_commit;11;0,015;267;135388
exception_notification;75;0,1022;411;67142
mega_mutex;2;0,0027;5;2179
ruby-openid-apps-discovery;7;0,0095;985;226279
SystemTimer;70;0,0954;605;371404
barby;15;0,0204;100;31378
macaddr;5;0,0068;407;316558
png;1;0,0014;18;9720
rufus-scheduler;10;0,0136;435;175973
uuid;31;0,0422;476;327165
amazon_seller_central;1;0,0014;1;285
roxml;4;0,0054;64;28064
rforce;3;0,0041;31;11212
facets;6;0,0082;66;106000
asf-soap-adapter;1;0,0014;12;4385
rbtrace;3;0,0041;11;6220
yard;38;0,0518;177;207674
yard-rspec;2;0,0027;7;2777
yard-cucumber;2;0,0027;3;1178
rcov;95;0,1294;539;506075
machinist;54;0,0736;227;146810
guard;92;0,1253;157;128065
culerity;5;0,0068;729;484709
mongo_mapper;28;0,0381;267;130658
hunt;1;0,0014;4;968
rails3-generators;56;0,0763;295;136069
rdoc;37;0,0504;2036;1620351
acl9;6;0,0082;133;34116
ruby-geonames;1;0,0014;6;0
graticule;8;0,0109;98;33516
memcached;16;0,0218;305;125204
ttfunk;4;0,0054;198;59108
tzinfo;23;0,0313;6527;3954688
barista;23;0,0313;179;44972
routing-filter;15;0,0204;202;66368
rails_sql_views;6;0,0082;27;8004
symbolize;2;0,0027;30;7901
mixpanel;4;0,0054;54;6769
rpeg-markdown;1;0,0014;1;3768
minitest;15;0,0204;16;174010
rack-cache;37;0,0504;931;638915
airbrake;83;0,1131;150;21886
git;5;0,0068;110;197627
nifty-generators;59;0,0804;284;170467
powder;8;0,0109;7;14483
is_paranoid;1;0,0014;26;5385
pdfkit;40;0,0545;295;80851
resque-loner;6;0,0082;35;5169
sendgrid;11;0,015;154;27679
spreadsheet;44;0,0599;500;201720
dbd-odbc;2;0,0027;19;29643
ruby-odbc;1;0,0014;22;26597
autotest;73;0,0995;309;262943
ansi;2;0,0027;81;240268
awesome_nested_set;19;0,0259;230;55538
hassle;3;0,0041;174;6214
compass-960-plugin;10;0,0136;96;30424
spork-testunit;10;0,0136;12;8068
acts_as_audited;26;0,0354;135;29361
holidays;6;0,0082;32;18174
attribute_normalizer;13;0,0177;79;15790
rails-geocoder;2;0,0027;36;12750
yui-compressor;37;0,0504;1090;243258
guard-rails;17;0,0232;1;3444
guard-coffeescript;11;0,015;15;11266
metrical;11;0,015;20;11898
jasminerice;6;0,0082;2;1522
guard-rails-assets;3;0,0041;3;1631
growl_notify;21;0,0286;6;5120
octokit;4;0,0054;6;4867
texticle;6;0,0082;71;10436
cocoon;7;0,0095;22;5564
test_notifier;12;0,0163;28;19591
app;3;0,0041;11;5193
typhoeus;22;0,03;295;113237
spree;3;0,0041;37;68000
rubyzip;47;0,064;1682;1013478
rd_find_by_param;1;0,0014;12;17612
seedbed;2;0,0027;1;1578
lockfile;3;0,0041;127;346065
feeds;1;0,0014;1;328
spree_related_products;1;0,0014;4;843
spree_email_to_friend;1;0,0014;4;1437
spree_reviews;1;0,0014;2;409
raspell;3;0,0041;38;23365
thinking-sphinx-raspell;1;0,0014;11;2247
rack-bridge;1;0,0014;2;1893
canable;3;0,0041;28;4102
validates_email_format_of;8;0,0109;63;11929
acts_as_commentable_with_threading;4;0,0054;34;4706
ckeditor;24;0,0327;162;36999
rails_admin;29;0,0395;195;4602
nori;3;0,0041;117;36557
jferris-mocha;1;0,0014;5;3337
rakismet;10;0,0136;58;11780
scoped-search;3;0,0041;7;3739
CFPropertyList;1;0,0014;15;7365
dragonfly;23;0,0313;343;112699
i18n-js;9;0,0123;42;16892
ya2yaml;25;0,0341;164;46881
faraday_middleware;3;0,0041;580;174458
multi_json;9;0,0123;2501;1095233
completeness-fu;2;0,0027;10;2951
localized_country_select;9;0,0123;28;3323
rails_config;15;0,0204;71;18499
rpx_now;4;0,0054;107;22106
coffee-script-source;2;0,0027;634;388487
ajaxful_rating;4;0,0054;43;17061
basic_active_model;2;0,0027;1;881
closure-compiler;12;0,0163;670;196464
globalize3;20;0,0272;190;62889
sinatra;56;0,0763;1189;1181724
resque-lock;3;0,0041;26;10647
exceptional;20;0,0272;396;74089
railroady;16;0,0218;28;13231
xapit;1;0,0014;3;3495
tamtam;2;0,0027;23;9881
mail_style;2;0,0027;27;8803
crypt;1;0,0014;45;15903
yubikey;1;0,0014;1;2300
syntax;19;0,0259;222;182223
rujitsu;1;0,0014;2;1759
attr_encrypted;18;0,0245;117;30404
encryptor;6;0,0082;140;44852
google-spreadsheet-ruby;15;0,0204;103;44738
roo;8;0,0109;107;55451
rubyzip2;3;0,0041;16;28564
resque-pool;10;0,0136;45;10419
steak;38;0,0518;87;53746
mongomatic;2;0,0027;6;14420
mongomatic-rails3;1;0,0014;1;903
ruby-stemmer;4;0,0054;39;13733
activerecord-jdbc-adapter;9;0,0123;23;154067
jruby-openssl;28;0,0381;30;237223
activerecord-jdbcmysql-adapter;9;0,0123;18;88204
net-http-digest_auth;1;0,0014;119;46529
net-http-persistent;1;0,0014;136;75695
engineyard;7;0,0095;54;49802
highrise;2;0,0027;20;5715
acts_as_api;9;0,0123;56;9984
sms_fu;1;0,0014;12;2397
concerned_with;5;0,0068;15;5426
date_validator;17;0,0232;88;24869
transitions;9;0,0123;97;21367
liquid;28;0,0381;287;130185
stamp;8;0,0109;7;2029
resque_spec;19;0,0259;26;13074
ruby_flipper;1;0,0014;2;699
bouncy-castle-java;1;0,0014;25;173342
remarkable;5;0,0068;106;78708
savon_spec;1;0,0014;8;2246
createsend;4;0,0054;31;6275
jasmine-headless-webkit;5;0,0068;7;4249
evergreen;9;0,0123;17;7748
letter_opener;18;0,0245;1;1396
parallel;14;0,0191;113;118197
ar_fixtures;2;0,0027;7;2171
i18n;44;0,0599;6787;4296646
rutils;3;0,0041;8;10808
russian;19;0,0259;108;29062
GeoRuby;3;0,0041;84;40415
rpm_contrib;41;0,0559;385;98196
tiny_mce;20;0,0272;189;49658
sprockets-rails;5;0,0068;8;9600
ruby-progressbar;4;0,0054;229;119305
davetroy-geohash;2;0,0027;4;0
mailcatcher;13;0,0177;8;6492
twilio-rb;2;0,0027;11;2898
linecache;10;0,0136;794;632830
reek;9;0,0123;158;100418
flay;9;0,0123;182;151370
flog;8;0,0109;187;168641
show_me_the_cookies;2;0,0027;4;1454
mailman;3;0,0041;15;5884
rb-inotify;43;0,0586;41;38771
prawn-core;5;0,0068;258;145965
prawn-layout;7;0,0095;287;146141
prawn-format;3;0,0041;68;35323
em-http-request;27;0,0368;148;123321
eventmachine;31;0,0422;1178;1054940
em-websocket;4;0,0054;69;65420
bundler;27;0,0368;7421;3099765
dbf;3;0,0041;11;23891
rinku;6;0,0082;17;2378
rails-dev-tweaks;10;0,0136;2;2604
relish;2;0,0027;4;7970
rspec2-rails-views-matchers;4;0,0054;4;2837
ci_reporter;32;0,0436;138;179388
highline;10;0,0136;1606;1523938
chef;4;0,0054;19;427883
libnotify;43;0,0586;23;26372
auto_excerpt;2;0,0027;1;1949
navigasmic;3;0,0041;29;9549
event-calendar;10;0,0136;41;10243
mail_form;4;0,0054;45;9293
rails_best_practices;17;0,0232;166;133753
best_in_place;4;0,0054;16;5007
resque-status;8;0,0109;61;21693
resque-cleaner;11;0,015;41;6493
resque-retry;14;0,0191;85;19169
resque-progress;1;0,0014;7;1966
routes;3;0,0041;3;643
fabrication;22;0,03;38;32839
pry-doc;11;0,015;8;9787
business_days;1;0,0014;4;1009
cells;27;0,0368;139;43383
deadlinez;1;0,0014;1;2690
differ;5;0,0068;48;13993
fallback;1;0,0014;2;980
less;15;0,0204;170;114363
js_message;1;0,0014;4;661
mailchimp_ses;1;0,0014;2;605
mixpanel_typhoeus;1;0,0014;1;198
monster_mash;1;0,0014;7;3217
redis-objects;7;0,0095;53;23012
rturk;1;0,0014;23;12238
rd_searchlogic;2;0,0027;31;23053
signed_request;1;0,0014;1;1479
simple_enum;3;0,0041;19;7151
subdomain-fu;16;0,0218;210;46221
simpleconfig;2;0,0027;15;6760
tinder;10;0,0136;67;40105
levenshtein;3;0,0041;28;36745
lingua;1;0,0014;3;2648
jshint;1;0,0014;1;646
oink;6;0,0082;72;14643
sqlite3-ruby;63;0,0858;1573;1625982
heroku_release;2;0,0027;1;1903
rspec-cells;4;0,0054;7;3362
remote_syslog_logger;4;0,0054;12;1875
capybara-firebug;5;0,0068;12;4916
sauce;1;0,0014;11;17027
thoughtbot-clearance;3;0,0041;46;0
mogli;9;0,0123;160;37877
facebooker;7;0,0095;177;81285
mislav-will_paginate;5;0,0068;681;0
cloudfiles;6;0,0082;127;84934
paperclip-cloudfiles;3;0,0041;28;7279
youtube-g;2;0,0027;76;17539
contacts;5;0,0068;151;60297
happymapper;1;0,0014;143;42771
pivotal-tracker;2;0,0027;29;12079
loofah;4;0,0054;207;64390
gnumarcelo-campaigning;2;0,0027;17;0
facebooker2;5;0,0068;96;17032
tweetstream;2;0,0027;28;17561
whatlanguage;1;0,0014;8;6137
rsolr;6;0,0082;509;159896
json_pure;21;0,0286;2018;1919087
geokit-rails;5;0,0068;48;8969
multi_db;3;0,0041;13;2765
albino;5;0,0068;13;33247
activeadmin;43;0,0586;138;28494
dalli;72;0,0981;1115;161178
role_model;6;0,0082;28;7971
hominid;16;0,0218;297;41323
dotiw;3;0,0041;23;6523
delocalize;4;0,0054;44;13666
ruby-graphviz;31;0,0422;95;74333
interactive_editor;18;0,0245;53;37311
gchart;1;0,0014;21;10309
is_taggable;1;0,0014;20;5924
workless;2;0,0027;47;4459
octopi;1;0,0014;1;7085
garb;22;0,03;177;81322
ruby-debug-base19;6;0,0082;234;199676
json_spec;5;0,0068;5;2233
ri_cal;18;0,0245;159;44010
bartt-ssl_requirement;6;0,0082;114;18808
faye;9;0,0123;26;31030
foreman;51;0,0695;93;58820
active_link_to;8;0,0109;32;11564
acts_as_rateable;2;0,0027;11;2302
base32_pure;1;0,0014;2;654
curb;26;0,0354;531;279609
excelsior;3;0,0041;23;7666
flash_messages_helper;6;0,0082;10;4593
imgkit;2;0,0027;12;3180
modernizr-rails;4;0,0054;11;4286
nested_form;28;0,0381;96;15338
verhoeff;1;0,0014;1;516
passenger;25;0,0341;187;821244
rails-footnotes;31;0,0422;67;36461
rspec-core;18;0,0245;1338;1347839
rspec-expectations;14;0,0191;1335;1295165
rspec-mocks;15;0,0204;1335;1292097
coderay;6;0,0082;197;195808
has_scope;26;0,0354;950;223773
guid;4;0,0054;37;42441
pacecar;5;0,0068;40;8302
feedzirra;20;0,0272;205;40888
gravatar_image_tag;9;0,0123;71;63400
ruby-paypal;3;0,0041;5;4367
sunspot_rails;46;0,0627;527;97060
usps;1;0,0014;2;807
vestal_versions;17;0,0232;156;26824
shikashi;1;0,0014;1;1670
therubyrhino;7;0,0095;1;4531
simplecov-rcov;11;0,015;12;9689
mongoid-rspec;23;0,0313;44;22379
slim;16;0,0218;59;40354
slim-rails;5;0,0068;25;6924
oa-core;8;0,0109;1199;264258
geocoder;41;0,0559;197;37760
sunspot_with_kaminari;4;0,0054;18;2092
geo_location;2;0,0027;13;4330
kramdown;9;0,0123;33;51698
railties;5;0,0068;6269;3563538
scoped_search;5;0,0068;31;6276
pickle;53;0,0722;168;120571
capybara-mechanize;1;0,0014;5;10797
addressable;24;0,0327;2464;1167664
rack-api;1;0,0014;2;974
unicode;10;0,0136;86;42272
tilt;6;0,0082;1413;1250502
riddle;5;0,0068;568;230820
racksh;5;0,0068;2;10930
grape;7;0,0095;28;6557
rack-flash;14;0,0191;5;52081
mongoid-tree;7;0,0095;20;7384
rails-i18n;7;0,0095;18;12830
delorean;26;0,0354;62;25041
meta-tags;9;0,0123;58;9035
truncate_html;13;0,0177;262;76741
chargify_api_ares;8;0,0109;101;21700
date_range;1;0,0014;1;478
solr-ruby;3;0,0041;26;17978
ruby_protobuf;1;0,0014;11;13094
image_science;2;0,0027;100;45044
RubyInline;7;0,0095;135;154760
image_voodoo;1;0,0014;3;4356
rack-openid;13;0,0177;1077;264585
open_id_authentication;1;0,0014;2;174
openid-redis-store;1;0,0014;1;658
aws;9;0,0123;100;159593
css_parser;8;0,0109;142;41147
rubber;2;0,0027;18;29380
s3sync;4;0,0054;15;20980
open4;9;0,0123;908;332790
spidr;1;0,0014;7;8607
grit;8;0,0109;79;74325
deadweight;10;0,0136;6;8037
vanity;2;0,0027;67;15121
locale;4;0,0054;74;76582
resque-lifecycle;1;0,0014;2;776
resque-restriction;3;0,0041;9;3120
crummy;5;0,0068;56;11006
sunnytrail;2;0,0027;5;2068
analytical;3;0,0041;22;16999
rollout;6;0,0082;28;9387
log4r;6;0,0082;128;224659
lumber;1;0,0014;4;6453
gelf;3;0,0041;10;11957
log4r-gelf;1;0,0014;2;3020
graylog2_exceptions;1;0,0014;5;3462
remarkable_rails;5;0,0068;61;49482
ruby-debug-base;3;0,0041;781;604260
ruby-debug-ide;4;0,0054;17;169552
hirefire;6;0,0082;57;5115
html5-boilerplate;8;0,0109;93;25315
mongoid_denormalize;2;0,0027;2;1251
delayed_job_mongoid;8;0,0109;186;17600
simplegeo;6;0,0082;42;7323
ice_cube;6;0,0082;48;25698
ruby-debug-pry;2;0,0027;2;684
soap4r;15;0,0204;251;114211
browser;5;0,0068;36;8630
public_suffix_service;3;0,0041;13;7989
stackdeck;2;0,0027;49;32144
ruby-net-ldap;1;0,0014;47;32886
god;16;0,0218;130;127776
rack-webconsole;8;0,0109;2;1854
yahoo_term_extraction;1;0,0014;1;410
collectiveidea-delayed_job;1;0,0014;33;0
sdsykes-read_from_slave;1;0,0014;1;0
temporals;1;0,0014;2;875
crack;11;0,015;2255;873291
css_sprite;1;0,0014;3;9557
gdata;3;0,0041;190;79708
aegis;3;0,0041;23;14816
exifr;4;0,0054;77;41222
postmark-rails;20;0,0272;247;27119
remotipart;6;0,0082;99;22628
teambox-permalink_fu;1;0,0014;3;3075
typed_serialize;1;0,0014;15;6853
yahoo-weather;1;0,0014;15;4337
gmaps4rails;10;0,0136;51;22208
authlogic-connect;1;0,0014;19;10845
websolr-sunspot_rails;2;0,0027;87;13757
dtaus;1;0,0014;2;1241
gsl;1;0,0014;17;23377
systemu;6;0,0082;126;728944
vpim;6;0,0082;125;28752
nested_set;21;0,0286;75;41978
google-adwords-api;2;0,0027;9;2229
mixlib-authentication;1;0,0014;20;329172
mixlib-config;1;0,0014;22;362395
active_presenter;2;0,0027;21;9172
recurrence;1;0,0014;32;8222
rastman;1;0,0014;2;1379
vidibus-service;1;0,0014;2;985
vidibus-validate_uri;1;0,0014;2;1637
vidibus-secure;1;0,0014;2;1281
vidibus-oauth2_server;1;0,0014;2;908
gmail;2;0,0027;20;13356
bond;6;0,0082;15;25352
redgreen;19;0,0259;101;81498
edouard-htmldiff;1;0,0014;2;581
rngtng-bounce-email;1;0,0014;1;248
tabs_on_rails;6;0,0082;68;18853
ruby-string-match-scorer;1;0,0014;2;579
active_reload;42;0,0572;21;9670
bitfields;2;0,0027;12;4675
oa-openid;4;0,0054;953;212111
zencoder;8;0,0109;75;17136
gattica;3;0,0041;24;20227
doubledrones-annotate;2;0,0027;1;903
twitter-text;2;0,0027;38;18239
tweet-button;7;0,0095;18;3517
http_accept_language;8;0,0109;65;9251
s3;4;0,0054;236;33388
block_helpers;1;0,0014;22;8291
indextank;3;0,0041;53;8425
campaigning;1;0,0014;11;3118
rack-rewrite;15;0,0204;201;45552
domainatrix;6;0,0082;42;15461
enumerated_field;1;0,0014;1;371
freshbooks.rb;1;0,0014;7;3457
hasoffers;1;0,0014;1;1260
Linguistics;2;0,0027;7;2575
mail_merge;1;0,0014;1;214
nettica;1;0,0014;18;23711
rails_asset_packager;1;0,0014;4;1714
responds_to_parent;5;0,0068;44;11437
rexml-expansion-fix;3;0,0041;27;7982
right_http_connection;6;0,0082;350;351100
runt;1;0,0014;22;5945
tlattr_accessors;1;0,0014;12;4395
ym4r;3;0,0041;62;26747
zip;5;0,0068;62;42256
test_benchmark;3;0,0041;10;7986
rails-dev-boost;15;0,0204;40;709
eycap;6;0,0082;38;23361
encrypted_cookie_store;1;0,0014;2;548
geokit-rails3;13;0,0177;189;29763
web_translate_it;1;0,0014;13;22731
dynport-capistrano_rsync_with_remote_cache;1;0,0014;1;233
paypal-express;2;0,0027;7;2781
kontocheck;1;0,0014;2;295
king_dtaus;2;0,0027;6;2289
supernova;1;0,0014;2;1873
factory_girl_generator;4;0,0054;19;8872
net-scp;9;0,0123;1594;993196
capistrano_mailer;1;0,0014;5;8238
SyslogLogger;12;0,0163;117;65897
cooloptions;1;0,0014;1;3850
map_by_method;3;0,0041;21;16546
rankles;1;0,0014;1;480
flvorflv;1;0,0014;1;510
feedvalidator;1;0,0014;3;1920
flickraw;3;0,0041;91;30223
daemon_controller;4;0,0054;188;385097
parseexcel;2;0,0027;38;15313
mactag;2;0,0027;1;5059
rspec_tag_matchers;2;0,0027;10;7360
geoip_city;4;0,0054;37;13716
ambethia-recaptcha;2;0,0027;69;0
google4r-checkout;3;0,0041;38;9501
keyword_search;1;0,0014;6;5725
negval-deadlock_retry;1;0,0014;1;450
fast_xs;9;0,0123;65;34869
flying-sphinx;3;0,0041;28;10950
hirefireapp;9;0,0123;60;3408
zencoder-fetcher;2;0,0027;2;3537
guard-annotate;7;0,0095;6;2086
rubyist-aasm;1;0,0014;236;0
libxslt-ruby;1;0,0014;6;12402
show_for;15;0,0204;43;16875
stripe;3;0,0041;12;5538
gravatarify;2;0,0027;11;5834
csv_builder;3;0,0041;19;5133
textmate_backtracer;2;0,0027;3;467
guard-cucumber;38;0,0518;25;24824
guard-pow;9;0,0123;11;3967
jsmin;3;0,0041;68;18388
sinatra-content-for;1;0,0014;1;8938
sinatra-support;1;0,0014;1;1984
sequel;13;0,0177;260;325148
classifier;2;0,0027;14;49879
contest;1;0,0014;2;12132
geoplanet;1;0,0014;3;3000
fast_gettext;7;0,0095;49;34194
gettext_i18n_rails;8;0,0109;34;27682
paypal_adaptive;8;0,0109;34;8980
madmimi;1;0,0014;38;7907
beanstalk-client;8;0,0109;61;37975
gettext;11;0,015;89;91418
has_translations;2;0,0027;4;2423
capybara-envjs;14;0,0191;42;25767
lazy_high_charts;4;0,0054;23;4466
later_dude;5;0,0068;12;4769
ghazel-daemons;5;0,0068;65;11956
ai4r;1;0,0014;4;7643
db-charmer;6;0,0082;26;22053
blaxter-delayed_job;1;0,0014;1;4258
hungryblank-cache-money;1;0,0014;1;760
super_exception_notifier;1;0,0014;22;14946
rack-facebook-signed-request;1;0,0014;3;550
refraction;9;0,0123;107;16379
shadow_puppet;6;0,0082;9;16719
typus;8;0,0109;159;29946
yaml_db;18;0,0245;106;28218
haml_rails;1;0,0014;1;634
yql;1;0,0014;2;901
business_time;3;0,0041;39;36598
statistics;3;0,0041;14;3381
arel;4;0,0054;6261;3881843
rack-contrib;10;0,0136;118;42857
gravtastic;17;0,0232;221;41300
aws-sdk;6;0,0082;23;12777
bunny;5;0,0068;81;443082
state_machine-audit_trail;3;0,0041;4;865
rails3-settings;2;0,0027;9;730
panda;8;0,0109;82;20028
indeed;1;0,0014;1;2200
redirect_follower;1;0,0014;3;2014
httpclient;22;0,03;611;289144
multi_xml;1;0,0014;1033;273414
rails-settings;7;0,0095;63;7414
smg;1;0,0014;1;2108
subdomain_routes;4;0,0054;14;3033
yandex_inflect;4;0,0054;6;1332
gruff;5;0,0068;63;55664
tinymce_hammer;2;0,0027;2;406
girl_friday;2;0,0027;13;1539
socky-server;1;0,0014;3;2711
rainbow;4;0,0054;36;20901
globalize2;1;0,0014;17;5860
radius;1;0,0014;18;10374
oniguruma;3;0,0041;33;32042
coffee-filter;5;0,0068;16;3422
psych;2;0,0027;4;4690
gchartrb;4;0,0054;108;31246
paul_revere;2;0,0027;5;2767
rack-maintenance;1;0,0014;3;2536
validates_url_format_of;2;0,0027;18;11854
extendmatrix;2;0,0027;5;4938
distribution;2;0,0027;4;18148
dirty-memoize;2;0,0027;5;3951
reportbuilder;2;0,0027;5;7403
rubyvis;3;0,0041;7;8076
statsample;2;0,0027;7;15384
statistics2;7;0,0095;25;19190
chalofa_ruby-progressbar;2;0,0027;16;11125
perftools.rb;6;0,0082;32;21928
rack-noie;2;0,0027;4;882
better_partials;2;0,0027;4;1315
permalink_fu;5;0,0068;74;11449
aws-cloudfront;1;0,0014;5;1656
inline-style;1;0,0014;8;2834
prowl;3;0,0041;4;2573
dropbox;2;0,0027;52;16209
single_test;1;0,0014;6;5189
akephalos;13;0,0177;36;21406
selenium;3;0,0041;8;7573
decoder;2;0,0027;5;3722
signature;1;0,0014;159;24474
guard-sass;3;0,0041;4;6141
decent_exposure;16;0,0218;105;22598
smart_asset;1;0,0014;11;6118
gritter;4;0,0054;20;3216
magic_encoding;5;0,0068;5;5227
rubyjedi-soap4r;1;0,0014;12;3949
dm-salesforce-adapter;1;0,0014;1;725
dm-mysql-adapter;4;0,0054;16;40333
dm-sqlite-adapter;3;0,0041;5;74725
randexp;5;0,0068;20;32126
data_objects;1;0,0014;32;242217
dm-core;2;0,0027;31;203014
dm-types;3;0,0041;29;126488
dm-aggregates;3;0,0041;27;135896
dm-validations;3;0,0041;28;144404
dm-migrations;4;0,0054;26;161982
dm-timestamps;3;0,0041;26;147669
dm-is-list;1;0,0014;6;15454
dm-transactions;3;0,0041;18;73832
twilio;4;0,0054;59;22359
toadhopper;1;0,0014;13;55851
sunspot;14;0,0191;522;112357
bb-ruby;1;0,0014;22;8469
radiant;2;0,0027;15;50046
capistrano-deepmodules;1;0,0014;5;1047
bert;1;0,0014;17;11809
cgi_multipart_eof_fix;7;0,0095;446;561499
fastthread;11;0,015;613;1300673
ferret;1;0,0014;51;60479
jeweler;2;0,0027;78;162524
lady_gaga;1;0,0014;1;93
logging;6;0,0082;69;111782
packet;4;0,0054;131;45540
rack-bert-rpc;1;0,0014;1;1244
rubytter;1;0,0014;1;24183
trollop;4;0,0054;248;251769
spatial_adapter;4;0,0054;45;11686
progress;2;0,0027;5;11428
diff-lcs;10;0,0136;1703;1559293
vlad;9;0,0123;37;29974
vlad-git;8;0,0109;25;16330
termios;1;0,0014;13;22482
honeypot-captcha;2;0,0027;14;6269
tolk;4;0,0054;22;1683
dupe;2;0,0027;9;13053
gdata_19;3;0,0041;36;5882
paranoia;3;0,0041;18;3509
groupme-paddock;1;0,0014;5;1784
tinymce-rails;2;0,0027;1;2498
fancybox-rails;7;0,0095;8;2106
serve;1;0,0014;2;13962
eu_central_bank;1;0,0014;11;3923
sinatra-namespace;1;0,0014;2;3407
httpi;3;0,0041;189;100169
wkhtmltopdf-binary;2;0,0027;38;15824
wirb;2;0,0027;11;13258
pdf-reader;6;0,0082;298;112930
prawn_rails;3;0,0041;13;4180
query_reviewer;7;0,0095;22;2259
pdf-inspector;4;0,0054;2;618
formalize-rails;2;0,0027;1;620
auto_html;3;0,0041;29;6943
i18n_routing;6;0,0082;38;15536
navvy;2;0,0027;16;6683
rchardet19;1;0,0014;3;475
colorize;5;0,0068;12;13273
stalker;5;0,0068;27;11854
ruby-tmdb;1;0,0014;7;3099
ruby-growl;8;0,0109;37;27793
coffee-haml-filter;1;0,0014;1;1152
ruby-oci8;9;0,0123;41;76449
activerecord-oracle_enhanced-adapter;7;0,0095;54;62094
ruby-plsql;1;0,0014;15;13274
oracle_ebs_authentication;1;0,0014;1;391
ruby-ole;4;0,0054;384;192144
rubyntlm;1;0,0014;911;188182
jira4r;3;0,0041;11;5829
exchanger;1;0,0014;1;508
database_loader;1;0,0014;1;490
Platform;3;0,0041;783;177827
win32-open3;3;0,0041;4;20577
sunspot_matchers;4;0,0054;12;2984
simple_progressbar;1;0,0014;2;2405
headjs-rails;1;0,0014;7;2340
traceroute;1;0,0014;2;858
pjax-rails;1;0,0014;1;1028
rack-offline;2;0,0027;22;5209
guard-shell;7;0,0095;1;3892
tophat;1;0,0014;1;1171
crypt19;2;0,0027;8;2640
gollum;2;0,0027;4;10987
brnumeros;1;0,0014;22;28589
time_diff;3;0,0041;20;1854
gbarcode;1;0,0014;21;36456
icalendar;7;0,0095;206;120718
base32;2;0,0027;15;5144
paypal_nvp;1;0,0014;6;4176
mimetype-fu;6;0,0082;119;13026
escape;1;0,0014;586;181857
xmlcanonicalizer;1;0,0014;12;2476
ruby-saml;3;0,0041;15;3946
edouard-rchardet;1;0,0014;2;595
flexmock;3;0,0041;39;92242
thor;7;0,0095;6340;3404145
slug;1;0,0014;5;4375
fattr;5;0,0068;312;198701
map;3;0,0041;36;26605
arrayfields;5;0,0068;172;128319
heroku_backup_task;4;0,0054;88;7036
dm-pager;1;0,0014;8;16986
thrift;5;0,0068;55;71785
ruby-imagespec;2;0,0027;9;2732
actionpack;4;0,0054;7412;6074232
actionmailer;5;0,0068;7410;5989372
dm-rails;2;0,0027;23;24017
dm-postgres-adapter;1;0,0014;12;25266
dm-constraints;1;0,0014;17;90509
dm-observer;1;0,0014;14;39983
dm-serializer;2;0,0027;21;102631
dm-zone-types;1;0,0014;2;2195
dm-accepts_nested_attributes;1;0,0014;4;3822
activemodel;2;0,0027;6266;4003618
dm-do-adapter;1;0,0014;27;114946
dm-active_model;1;0,0014;23;28465
dm-is-state_machine;1;0,0014;3;12067
dm-paperclip;1;0,0014;5;6444
jkraemer-pdf-forms;1;0,0014;1;0
sage_pay;1;0,0014;2;6366
levinalex-base32;1;0,0014;3;0
rspec-instafail;14;0,0191;86;76756
tmail;10;0,0136;159;112116
snmp;1;0,0014;11;24024
mongomapper_ext;1;0,0014;11;10080
jnunemaker-validatable;4;0,0054;178;94740
mm-devise;3;0,0041;32;5037
compass-less-plugin;1;0,0014;5;2339
magic;5;0,0068;6;9787
ruby-filemagic;5;0,0068;13;8147
rails_warden;3;0,0041;27;14927
mail_safe;8;0,0109;70;13088
git_remote_branch;2;0,0027;5;22959
htmldiff;2;0,0027;23;4125
net-ping;1;0,0014;13;20685
random_data;3;0,0041;34;15348
tropo-webapi-ruby;2;0,0027;14;5105
babosa;4;0,0054;750;185425
rspec_junit_formatter;1;0,0014;1;259
guard-sprockets;1;0,0014;1;417
devise_ldap_authenticatable;3;0,0041;7;11344
ar-octopus;1;0,0014;23;20879
activerecord-import;14;0,0191;117;40129
guard-minitest;6;0,0082;4;4329
scheduler_daemon;3;0,0041;3;1003
nestful;3;0,0041;12;6139
on_the_spot;1;0,0014;15;7148
translate-rails3;3;0,0041;6;806
codebase;1;0,0014;6;9895
delayed_paperclip;7;0,0095;101;17365
ar-extensions;4;0,0054;140;45052
msgpack;2;0,0027;37;46627
sprinkle;5;0,0068;1;9039
sunspot_plus;1;0,0014;1;627
progress_bar;4;0,0054;9;1900
twilio-ruby;8;0,0109;41;7902
libmemcached_store;2;0,0027;5;1970
validate_url;7;0,0095;18;4315
orderedhash;3;0,0041;47;14602
zippy;3;0,0041;25;4508
text-reform;2;0,0027;17;4960
tumblr-api;1;0,0014;12;2136
commission_junction;1;0,0014;5;3698
active_scaffold_vho;4;0,0054;13;6803
active_hash;5;0,0068;34;23809
ruby-ldap;1;0,0014;8;16210
irbtools;6;0,0082;9;16348
delsolr;2;0,0027;5;6916
ruby-mysql;1;0,0014;49;52998
capistrano-campfire;3;0,0041;8;1965
goalie;1;0,0014;15;4646
sorcery;8;0,0109;8;6145
ejs;5;0,0068;28;6132
delayed_job_mongo_mapper;2;0,0027;13;1534
mongo_session_store-rails3;1;0,0014;1;464
asset_sync;2;0,0027;4;1476
defender;1;0,0014;6;4634
clockwork;2;0,0027;41;14072
padrino-helpers;1;0,0014;2;63517
rtex;1;0,0014;7;5328
kathy_lee;1;0,0014;3;1300
heroku_cloud_backup;1;0,0014;10;1071
yamler;2;0,0027;220;69577
dj_remixes;1;0,0014;11;5288
markdownizer;1;0,0014;2;2404
ffi;11;0,015;1122;1024919
css3buttons;7;0,0095;19;4891
translate_routes;3;0,0041;34;3786
watir-webdriver;2;0,0027;12;33561
sentient_user;2;0,0027;22;5999
lorem;1;0,0014;18;5578
erb2haml;4;0,0054;2;1885
webrobots;3;0,0041;119;50491
acts_as_versioned;4;0,0054;36;11345
rack-google_analytics;3;0,0041;13;3318
ruby-debug-base19x;1;0,0014;1;5454
writeexcel;5;0,0068;11;10488
mm-carrierwave;3;0,0041;4;811
fraction;1;0,0014;3;1236
acts_as_king;1;0,0014;1;215
mm-sluggable;4;0,0054;2;747
voteable_mongo;2;0,0027;7;928
convertable_values;1;0,0014;1;835
rcomet;1;0,0014;2;660
feed-normalizer;2;0,0027;70;21199
km;1;0,0014;18;1893
tax_cloud;1;0,0014;1;110
net-ssh-multi;1;0,0014;9;195892
acts_as_shopping_cart;2;0,0027;1;218
flow_pagination;1;0,0014;2;1364
readable_random;1;0,0014;7;1384
vidibus-routing_error;5;0,0068;15;6534
to_csv-rails;1;0,0014;1;254
schema_plus;5;0,0068;5;755
enumerated_attribute;7;0,0095;44;14204
log_buddy;5;0,0068;15;15831
google_analytics;1;0,0014;11;3225
viewtastic;3;0,0041;6;2041
permanent_records;2;0,0027;11;3300
rack-bug;6;0,0082;32;10542
thumbs_up;5;0,0068;25;5950
impressionist;1;0,0014;6;1117
paths_of_glory;3;0,0041;3;2129
multipart-post;5;0,0068;1986;528939
premailer;4;0,0054;51;12387
trinidad;3;0,0041;5;19772
ffi-ncurses;5;0,0068;2;10276
mobile-fu;1;0,0014;6;6882
rspreedly;3;0,0041;25;6060
tlsmail;6;0,0082;130;54155
mongoid_rails_migrations;6;0,0082;50;12980
mongoid_acts_as_tree;5;0,0068;10;3792
numeric_array;1;0,0014;1;656
flickraw-cached;1;0,0014;17;4507
feedbag;1;0,0014;14;2712
looper;1;0,0014;2;676
superfeedr-ruby;1;0,0014;2;2294
yelp4r;1;0,0014;3;1063
skates;1;0,0014;2;9322
roauth;1;0,0014;61;23758
simple_oauth;1;0,0014;563;152316
resque-jobs-per-fork;1;0,0014;6;3847
easy_translate;2;0,0027;9;5955
bayes_motel;2;0,0027;9;777
cubicle;1;0,0014;1;13891
geo_calc;1;0,0014;2;989
configuration;3;0,0041;1490;669325
mongoid_taggable;6;0,0082;19;5722
mebla;1;0,0014;2;1545
jekyll;2;0,0027;4;54904
pygments.rb;1;0,0014;1;5228
rubypants;3;0,0041;22;16086
wicked_pdf;12;0,0163;49;7366
capistrano-mountaintop;1;0,0014;2;702
guard-jammit;1;0,0014;3;1880
guard-haml;1;0,0014;1;886
strongbox;1;0,0014;29;10302
ruby-factual;3;0,0041;4;2639
tanker;4;0,0054;29;5478
eco;3;0,0041;7;1698
heroku_san;9;0,0123;120;20592
specjour;2;0,0027;4;15332
pjax_rails;2;0,0027;7;1333
term-ansicolor;5;0,0068;1490;1060055
frontend-helpers;4;0,0054;2;2725
itslog;12;0,0163;5;5196
html_truncator;7;0,0095;18;3557
acts_as_event_owner;1;0,0014;1;1717
authorize-net;2;0,0027;14;1062
message_block;1;0,0014;7;2059
papercavalier-ruby-aaws;2;0,0027;3;961
rack-timeout;3;0,0041;68;8069
timeline_fu;2;0,0027;37;2660
rspec-rails-matchers;1;0,0014;10;2757
rails-default-database;1;0,0014;2;833
pry-rails;3;0,0041;1;747
juggernaut;5;0,0068;43;24648
informal;1;0,0014;12;1435
zookeeper;1;0,0014;3;4699
resque-statsd;1;0,0014;1;229
lascivious;1;0,0014;1;79
ap;1;0,0014;2;2105
capfire;4;0,0054;1;2239
bigamy;1;0,0014;1;2380
ClothRed;1;0,0014;6;4612
formatize;5;0,0068;30;4977
harvest;1;0,0014;2;576
i18n-active_record;2;0,0027;26;2831
parslet;1;0,0014;3;7241
cap_gun;1;0,0014;13;17207
multipass;7;0,0095;85;18207
apn_sender;3;0,0041;23;5977
url_store;1;0,0014;8;2148
sendgrid_toolkit;2;0,0027;26;5865
citrusbyte-is_taggable;1;0,0014;8;0
pagination;1;0,0014;4;4482
micromachine;1;0,0014;7;2751
resque-exceptional;3;0,0041;18;2476
delayed_job_admin;2;0,0027;30;3158
rack-canonical-host;1;0,0014;17;2323
html5-rails;1;0,0014;1;184
compass-html5;1;0,0014;4;524
composite_primary_keys;6;0,0082;81;67854
livereload;3;0,0041;7;13464
bitmask_attributes;1;0,0014;2;686
amazon-ec2;6;0,0082;70;163240
hiredis;10;0,0136;79;45452
progressbar;14;0,0191;136;61034
eventmachine_httpserver;6;0,0082;5;58818
jslintrb_v8;2;0,0027;1;635
em-proxy;2;0,0027;5;5289
us_states_select;2;0,0027;11;1680
associate_by;1;0,0014;1;1402
cached_values;1;0,0014;2;2947
sasha;1;0,0014;1;457
jruby-jars;2;0,0027;46;124259
warbler;4;0,0054;11;80466
childprocess;4;0,0054;968;696869
chunky_png;9;0,0123;742;263424
directory_watcher;4;0,0054;6;62740
fast-stemmer;2;0,0027;54;45619
fssm;3;0,0041;684;200484
posix-spawn;2;0,0027;18;27079
roodi;9;0,0123;167;98505
ruby-picasa;1;0,0014;6;1062
guard-test;7;0,0095;12;7154
prawnto;5;0,0068;52;12006
active_device;1;0,0014;10;3068
brightbox;2;0,0027;14;12733
alexrabarts-iso_country_codes;1;0,0014;3;0
switch_user;4;0,0054;20;4282
contador;1;0,0014;1;915
autotest-rails-pure;6;0,0082;17;39942
rockstar;2;0,0027;3;2405
hirb-unicode;3;0,0041;3;2670
ensure-encoding;1;0,0014;2;1259
tabletastic;1;0,0014;20;7599
puret;2;0,0027;15;2616
autotest-notification;3;0,0041;23;27878
brcpfcnpj;1;0,0014;29;27660
sentinel;1;0,0014;1;2063
geminstaller;1;0,0014;2;25594
net-sftp;14;0,0191;1434;951261
compass-colors;3;0,0041;37;18289
hourly_backup;3;0,0041;3;464
edave-gdata4ruby;1;0,0014;3;489
edave-gcal4ruby;2;0,0027;2;678
gdocs4ruby;2;0,0027;10;4892
redis-dump;1;0,0014;1;1694
drydock;1;0,0014;1;9686
zendesk_remote_auth;2;0,0027;60;17090
deadlock_retry;3;0,0041;21;1513
cucumber_spinner;2;0,0027;2;3904
loofah-activerecord;3;0,0041;2;1321
rvideo;5;0,0068;31;7582
themes_for_rails;4;0,0054;22;8848
lacquer;2;0,0027;5;4472
monocle;1;0,0014;1;175
timecode;2;0,0027;1;3919
file-tail;1;0,0014;89;219714
apachelogregex;2;0,0027;7;4002
people_places_things;1;0,0014;3;5963
rest-client-components;1;0,0014;9;8897
revo-ssl_requirement;2;0,0027;8;11121
values_for;1;0,0014;3;4713
warden;15;0,0204;3335;1019469
dbi;1;0,0014;28;78345
jslint_on_rails;10;0,0136;30;15013
exact-target;1;0,0014;2;186
jada-finance;1;0,0014;2;0
win32console;5;0,0068;2;37728
resque_unit;7;0,0095;13;13288
cuporter;1;0,0014;1;9493
mailtrap;1;0,0014;7;4315
restful_query;2;0,0027;3;2650
postageapp;3;0,0041;15;6945
redis-namespace;16;0,0218;909;351245
testbot;2;0,0027;1;8137
extlib;1;0,0014;61;457484
main;3;0,0041;180;138042
devise_rpx_connectable;2;0,0027;31;6387
googl;2;0,0027;8;3730
apn_on_rails;2;0,0027;73;17963
em-synchrony;3;0,0041;48;21743
rb-readline;1;0,0014;5;4528
wikipedia-client;1;0,0014;5;2111
mixology;1;0,0014;3;3338
trac4r;1;0,0014;1;2937
route53;1;0,0014;4;4948
libexcel;1;0,0014;1;1521
google_chart_ssl;1;0,0014;1;229
shibboleth-rails;1;0,0014;1;222
viewpoint;1;0,0014;3;6802
mongoid_slug;7;0,0095;75;17559
ruby-mcrypt;1;0,0014;3;1349
gravatar-ultimate;2;0,0027;9;2060
cobravsmongoose;2;0,0027;20;4120
kgio;7;0,0095;702;312490
couchrest;2;0,0027;73;49572
breadcrumbs_on_rails;17;0,0232;55;11934
video_info;1;0,0014;10;3418
rspec-rails-mocha;2;0,0027;3;3400
activo-rails;2;0,0027;3;1096
attrtastic;4;0,0054;13;5443
excel_rails;3;0,0041;1;1563
irwi;1;0,0014;7;8369
gmaps_directions;1;0,0014;1;330
rcov_rails;2;0,0027;8;7862
chameleon;1;0,0014;5;1316
patron;2;0,0027;50;30054
geo-distance;1;0,0014;4;1007
active_record_defaults;2;0,0027;8;1905
symboltable;1;0,0014;1;1398
yaml_model;1;0,0014;2;1045
amatch;5;0,0068;42;22161
base62;1;0,0014;22;6406
mongoid-history;1;0,0014;9;1698
warden_oauth;1;0,0014;20;6229
quasi;1;0,0014;4;1300
mongoid_fulltext;1;0,0014;7;1322
delayed_task;1;0,0014;12;1267
frac;1;0,0014;3;1546
to_xls;1;0,0014;24;7003
mongoid_collection_snapshot;1;0,0014;1;147
subexec;1;0,0014;420;149535
net-ssh;18;0,0245;2168;1849563
net-ssh-gateway;1;0,0014;1311;1060104
scrapi;1;0,0014;15;9196
texp;1;0,0014;2;697
tidy;2;0,0027;38;17292
stomp;8;0,0109;70;112274
ruby-hl7;1;0,0014;5;3645
acts_as_singleton;1;0,0014;13;6171
mongoid_geo;1;0,0014;11;4630
wordnik;1;0,0014;3;3128
websocket-rack;1;0,0014;1;1019
rscribd;4;0,0054;39;14628
scribd_fu;1;0,0014;13;3674
guard-jasmine-headless-webkit;3;0,0041;5;1539
google_directions;1;0,0014;3;1867
RubySunrise;1;0,0014;3;1288
sundawg_country_codes;1;0,0014;4;2241
what_methods;5;0,0068;18;14690
cijoe;1;0,0014;6;9954
looksee;13;0,0177;28;46741
fancy_irb;1;0,0014;10;11124
method_lister;1;0,0014;1;1567
railroad;6;0,0082;20;21992
validate_email;1;0,0014;14;2899
bibtex-ruby;1;0,0014;1;2612
latex-decode;1;0,0014;1;426
transloadit-rails;1;0,0014;2;413
unicode_utils;2;0,0027;25;10461
r18n-core;1;0,0014;5;15958
pr_geohash;1;0,0014;386;73826
shotgun;8;0,0109;2;66325
bluepill;3;0,0041;35;53249
chronic_duration;3;0,0041;35;21279
sinatra-respond_to;1;0,0014;6;7157
rack-force_domain;1;0,0014;11;1676
admin_data;1;0,0014;37;18431
queue_classic;1;0,0014;2;1324
dnsruby;1;0,0014;5;18329
super_map;6;0,0082;1;778
rubytree;2;0,0027;60;30888
juicer;4;0,0054;10;14721
shoulda-context;1;0,0014;10;10297
automatic_foreign_key;8;0,0109;14;7435
redhillonrails_core;4;0,0054;28;10730
hyper-graph;2;0,0027;7;3873
google_static_maps_helper;2;0,0027;4;5502
inline_attachment;2;0,0027;5;4844
juicer-rails;4;0,0054;1;598
acts_as_sanitiled;2;0,0027;15;3467
postgres;2;0,0027;30;89696
site_meta;2;0,0027;1;2110
kpi;1;0,0014;2;992
goliath;3;0,0041;4;7685
jsonpath;1;0,0014;3;14288
fcgi;1;0,0014;5;108718
dutchfaker;1;0,0014;1;916
dkim;2;0,0027;5;718
face;1;0,0014;3;3412
klarlack;1;0,0014;6;2906
split;2;0,0027;7;1032
raibo;1;0,0014;2;313
carrierwave-mongoid;5;0,0068;16;4355
carrierwave_backgrounder;1;0,0014;12;1300
mongoid_search;6;0,0082;32;5226
random-word-generator;1;0,0014;3;1101
xero_gateway;1;0,0014;7;2236
logglier;2;0,0027;3;2998
guard-migrate;1;0,0014;1;695
thread-dump;1;0,0014;1;1557
acts_as_audited_rails3;1;0,0014;13;3514
xmpp4r;4;0,0054;41;86823
xmpp4r-simple;2;0,0027;9;10421
backgrounded;1;0,0014;4;3875
resque-ensure-connected;2;0,0027;3;8370
wireframe-rpm_contrib;1;0,0014;1;1906
cronedit;3;0,0041;13;5248
mattetti-googlecharts;1;0,0014;22;0
acts_as_stripped;1;0,0014;3;1983
opengraph;1;0,0014;9;3276
notify_if_invalid;1;0,0014;1;1024
opentoken;1;0,0014;1;904
good_touch;1;0,0014;1;792
elastic_searchable;2;0,0027;2;4750
detect_browser_os;1;0,0014;2;463
delete_paranoid;1;0,0014;2;749
rack-oauth2;2;0,0027;139;32596
has-bit-field;1;0,0014;2;1495
guard-jslint-on-rails;2;0,0027;1;375
open_gem;3;0,0041;20;34987
rio;1;0,0014;38;14875
placefinder;1;0,0014;2;438
ruby-readability;1;0,0014;5;2469
dirty;1;0,0014;2;1217
yardstick;1;0,0014;4;5709
memcached-northscale;1;0,0014;187;19977
time-warp;3;0,0041;10;5344
asset_hash;1;0,0014;5;701
abstract;8;0,0109;5958;2942165
chinese_permalink;1;0,0014;2;2469
simple_nested_set;1;0,0014;4;8616
ipaddress;2;0,0027;10;9376
apotomo;2;0,0027;18;9149
url_shortener;2;0,0027;30;5285
shorturl;1;0,0014;11;9632
credit_card_validator;1;0,0014;5;2313
oily_png;4;0,0054;43;10314
scout;1;0,0014;17;86936
alias;1;0,0014;12;12834
rightstuff;1;0,0014;1;1627
rb-appscript;1;0,0014;6;32177
ransack;7;0,0095;9;3312
limerick_rake;2;0,0027;5;842
bborn-desert;1;0,0014;1;679
bborn-simplepay;1;0,0014;1;750
rush;2;0,0027;130;85554
acts_as_textcaptcha;1;0,0014;5;5760
colored;3;0,0041;210;125642
rack-fiber_pool;2;0,0027;30;9431
thoughtbot-sortable_table;1;0,0014;10;0
entp-multipass;1;0,0014;3;0
pedantic;1;0,0014;1;744
throne;1;0,0014;1;2196
fakeweb-matcher;4;0,0054;4;4273
google-api-client;1;0,0014;6;2927
aws_cf_signer;2;0,0027;5;1525
lu-tze;1;0,0014;2;2004
linguist;1;0,0014;2;279
active_sanity;2;0,0027;7;1818
iconv;3;0,0041;32;16115
workflow;4;0,0054;96;20494
better_form;1;0,0014;1;1631
cheddargetter_client_ruby;1;0,0014;6;2078
memflash;1;0,0014;1;468
property_sets;1;0,0014;1;3911
global_uid;1;0,0014;1;269
call_center;1;0,0014;1;36
arturo;1;0,0014;4;3418
basecamp;1;0,0014;3;1568
expirable_locking;1;0,0014;1;967
getoptdeclare;1;0,0014;1;685
getopt;1;0,0014;5;10363
kasket;1;0,0014;5;10503
lymbix;1;0,0014;1;2379
migration_tools;1;0,0014;1;1862
mush;1;0,0014;4;1508
prop;1;0,0014;2;3002
eac-rack;1;0,0014;1;565
tech-angels-resque-throttle;1;0,0014;1;364
rsolr-ext;2;0,0027;19;13092
schmobile;1;0,0014;1;1004
ticket_sharing;1;0,0014;1;394
e164;1;0,0014;5;1921
dynect_rest;1;0,0014;2;11625
boson;1;0,0014;9;17526
active_record_shards;1;0,0014;1;1385
active_record_host_pool;1;0,0014;1;404
fakefs;4;0,0054;10;15309
leftright;1;0,0014;7;7835
query_diet;1;0,0014;3;3159
fast_context;2;0,0027;8;4009
rocco;1;0,0014;2;6877
awesome_nested_fields;1;0,0014;2;998
supermodel;1;0,0014;3;9371
viva-app_config;1;0,0014;7;1043
countries;5;0,0068;34;11673
flowdock;1;0,0014;1;326
cucumber_factory;2;0,0027;3;9163
rufus-tokyo;2;0,0027;10;32679
email_validator;2;0,0027;12;2815
citier;1;0,0014;3;756
simple_autocomplete;3;0,0041;9;4934
cmdparse;1;0,0014;22;54315
ripl;1;0,0014;3;10489
tire;6;0,0082;10;5336
em-hiredis;2;0,0027;19;14569
em-redis;1;0,0014;14;11253
twitter-stream;1;0,0014;100;50931
pubsubhubbub;1;0,0014;1;12646
ohm;5;0,0068;26;24906
ohm-contrib;3;0,0041;9;15490
fakeredis;1;0,0014;3;3489
ar_after_transaction;1;0,0014;7;1891
firefly-client;2;0,0027;2;642
ruby-oembed;3;0,0041;25;6145
cucumber-websteps;1;0,0014;2;346
shippinglogic;1;0,0014;4;6665
rack-cors;2;0,0027;16;3371
enumerate_it;5;0,0068;19;6589
sdoc;1;0,0014;5;19862
w3c_validators;2;0,0027;7;23553
activerecord-jdbcsqlite3-adapter;2;0,0027;2;35261
rest-graph;2;0,0027;83;18053
ruport-util;1;0,0014;35;18376
markaby;2;0,0027;18;34707
portablecontacts;2;0,0027;22;4983
flickr_fu;2;0,0027;24;6239
radix;1;0,0014;2;1387
jruby-rack;1;0,0014;16;88214
devise_oauth2_authenticatable;1;0,0014;5;1287
auto_tagger;4;0,0054;35;12661
request-log-analyzer;4;0,0054;34;52623
cache-money;1;0,0014;18;6111
to_api;1;0,0014;4;2425
mustache_rails3;1;0,0014;7;1715
redfinger;1;0,0014;3;2740
net-dns;4;0,0054;25;22935
foursquare2;7;0,0095;20;4728
paper_trail_manager;1;0,0014;2;223
rack-jsonp;1;0,0014;45;11660
drx;1;0,0014;1;7331
activerecord_random;1;0,0014;1;1469
rack-throttle;1;0,0014;16;4864
mizuno;1;0,0014;1;3207
spoon;1;0,0014;56;35464
heroku-nav;2;0,0027;10;9795
lighthouse-api;1;0,0014;16;4268
timocratic-test_benchmark;1;0,0014;6;0
polyglot;1;0,0014;6433;3579107
postmark;5;0,0068;212;36580
cocaine;3;0,0041;689;162148
active_exchange;1;0,0014;1;2130
shopify_api;1;0,0014;30;9672
youthtree-settings;1;0,0014;1;1859
verification;2;0,0027;41;8825
breadcrumbs_for;1;0,0014;1;1934
defensio;1;0,0014;20;3111
clickatell;2;0,0027;56;15361
haddock;1;0,0014;9;3933
jcheck_rails;1;0,0014;1;1150
roadie;3;0,0041;25;2964
refinerycms-base;1;0,0014;120;42167
refinerycms-core;1;0,0014;120;41013
refinerycms-dashboard;1;0,0014;120;40440
refinerycms-images;1;0,0014;120;40207
refinerycms-pages;1;0,0014;120;40196
refinerycms-resources;1;0,0014;120;40249
refinerycms-settings;1;0,0014;120;41490
refinerycms-inquiries;2;0,0027;94;28756
hipchat;5;0,0068;18;6923
locale_rails;2;0,0027;32;16079
wkhtmltopdf;2;0,0027;9;5321
extensions;1;0,0014;2;7960
resque-lock-timeout;2;0,0027;25;6821
fingerjam;1;0,0014;1;2629
cv-user-agent;1;0,0014;3;1002
bradleypriest-mollom;1;0,0014;1;239
pxpay;1;0,0014;1;759
localist-instagvram;1;0,0014;1;113
profanity_filter;3;0,0041;19;2068
issuu;1;0,0014;2;945
pg_search;2;0,0027;14;3825
refinerycms-testing;2;0,0027;3;3808
refinerycms-i18n;4;0,0054;138;51327
refinerycms;3;0,0041;169;101042
refinerycms-blog;2;0,0027;53;12303
fixjour;4;0,0054;16;20218
sexp_processor;3;0,0041;569;400569
facebooker-rails3;1;0,0014;3;2522
sauberia-aws-s3;1;0,0014;2;2384
facebooker-rails3;1;0,0014;3;2522
erector;1;0,0014;11;35747
cssmin;1;0,0014;34;7509
sauberia-aws-s3;1;0,0014;2;2384
system-bang;1;0,0014;2;1068
lsof;1;0,0014;4;12234
fasterer-csv;1;0,0014;1;8050
jsonschema;1;0,0014;4;4950
erector;1;0,0014;11;35747
cssmin;1;0,0014;34;7509
cheat;2;0,0027;6;38492
system-bang;1;0,0014;2;1068
lsof;1;0,0014;4;12234
needle;2;0,0027;16;27853
fasterer-csv;1;0,0014;1;8050
jsonschema;1;0,0014;4;4950
rev;1;0,0014;2;12918
cheat;1;0,0014;6;38492
needle;1;0,0014;16;27853
rev;1;0,0014;2;12918
selenium-rc;3;0,0041;70;82169
dumb_quotes;1;0,0014;3;2034
replace_entities;1;0,0014;1;1208
strip_control_chars;1;0,0014;1;1245
bisac;1;0,0014;1;1865
gbip;1;0,0014;1;2390
onix;1;0,0014;3;13310
isbn10;1;0,0014;2;1952
ean13;1;0,0014;5;4433
ean8;1;0,0014;1;535
san;1;0,0014;1;1491
upc;1;0,0014;2;1327
abn;1;0,0014;7;2866
rvista;1;0,0014;1;5649
pdf-wrapper;1;0,0014;2;7011
titlepage;1;0,0014;1;3512
cargowise;1;0,0014;1;3276
snail;1;0,0014;6;1696
db2fog;1;0,0014;3;470
digestion;1;0,0014;1;1890
echoe;1;0,0014;19;101302
play_solder;1;0,0014;1;685
blankslate;1;0,0014;45;46683
excon;6;0,0082;797;236856
oa-enterprise;4;0,0054;905;200675
machinist_mongo;2;0,0027;32;15996
stopwords;1;0,0014;1;752
sort_alphabetical;1;0,0014;4;854
aq1018-sunspot_mongoid;1;0,0014;1;303
workflow_on_mongoid;1;0,0014;6;2854
chosen_rails;1;0,0014;2;78
post_commit;2;0,0027;3;2307
ajaxful_rating_jquery;1;0,0014;6;682
opensrs;1;0,0014;2;5334
phone;3;0,0041;24;12299
magickly;1;0,0014;1;2968
shared-mime-info;1;0,0014;12;12899
testunitxml;1;0,0014;1;4381
require_relative;4;0,0054;29;11795
imagesize;1;0,0014;50;25234
mongoid_spacial;1;0,0014;7;1819
bit_mask;1;0,0014;1;141
clamav;1;0,0014;1;7877
paperclip-meta;2;0,0027;8;1389
ym4r_gm;2;0,0027;3;994
autotest-inotify;1;0,0014;7;4785
packr;2;0,0027;16;7347
mongoid_session_store;2;0,0027;23;4896
rack-auth-ip;2;0,0027;3;1710
syslogger;1;0,0014;10;0
torquebox-rake-support;2;0,0027;3;0
mongoid_nested_set;1;0,0014;5;0
yard-rest-plugin;1;0,0014;3;0
torquebox-messaging;1;0,0014;4;1947
grouped_validations;2;0,0027;11;3288
smurf;3;0,0041;83;22296
jdbc-mysql;3;0,0041;21;76436
kirk;1;0,0014;1;2213
envjs;11;0,015;49;32103
harmony;1;0,0014;6;6483
johnson;11;0,015;54;39659
merb-core;1;0,0014;1;61817
readability;1;0,0014;1;734
shortly;1;0,0014;3;3398
capistrano_rsync_with_remote_cache;2;0,0027;5;9485
central_logger;1;0,0014;20;3753
net-http-spy;2;0,0027;12;7329
linkscape;4;0,0054;7;36476
barby-chunky_png;1;0,0014;2;1081
astrails-safe;2;0,0027;24;9660
email_veracity;1;0,0014;25;5858
unread;1;0,0014;1;330
enumlogic;1;0,0014;5;2667
multitenant;1;0,0014;5;700
active_merchant_ideal;1;0,0014;2;3832
exception_notification_rails3;6;0,0082;107;17365
polish;1;0,0014;5;3785
refinerycms-news;1;0,0014;51;14301
refinerycms-page-images;1;0,0014;41;9466
gettext_activerecord;1;0,0014;34;24106
gettext_rails;1;0,0014;31;13420
tagtreescanner;1;0,0014;1;977
serialized_attributes;1;0,0014;1;398
action_mailer_tls;1;0,0014;13;4931
has_price;1;0,0014;1;1256
fastimage;1;0,0014;23;5595
orm_adapter;5;0,0068;2090;509406
devise_openid_authenticatable;5;0,0068;21;7304
sunspot_mongoid;6;0,0082;21;6089
mongoid_i18n;4;0,0054;5;3943
idn;4;0,0054;13;5495
giternal;4;0,0054;2;3517
hydra;7;0,0095;13;24300
heroku-autoscale;2;0,0027;5;1984
button_form;5;0,0068;1;2534
to_lang;2;0,0027;3;3826
to-csv;3;0,0041;11;4057
haml2slim;1;0,0014;2;3113
mongoid-ancestry;1;0,0014;3;822
mash;2;0,0027;95;26984
rack-recaptcha;2;0,0027;27;8267
errorapp_notifier;1;0,0014;3;1113
acts_as_list-rails3;1;0,0014;1;757
make_voteable;1;0,0014;6;945
quo_vadis;1;0,0014;1;1290
filemanager;1;0,0014;1;3186
acts_as_taggable_on_steroids;1;0,0014;21;5298
has_many_polymorphs;2;0,0027;51;10926
simple_captcha;3;0,0041;17;3642
lucy;1;0,0014;9;1214
remarkable_paperclip;1;0,0014;1;2255
taf2-curb;1;0,0014;14;0
cubus-settingslogic;1;0,0014;3;2687
popen4;4;0,0054;11;29151
disqus;4;0,0054;21;8160
wrest;1;0,0014;9;12924
rack-protection;5;0,0068;5;39366
rack-google-analytics;4;0,0054;12;6064
permalink;3;0,0041;5;1853
compass-fancybox-plugin;3;0,0041;1;1279
sortifiable;1;0,0014;1;944
fake-resque;1;0,0014;2;1447
omniture_client;1;0,0014;5;1517
saintly;1;0,0014;3;2835
volleyball;1;0,0014;3;641
vlad-hg;1;0,0014;3;3411
test_benchmarker;2;0,0027;2;1728
acts_as_follower;2;0,0027;2;102
mongoid_grid;2;0,0027;6;2112
mongo-resque;1;0,0014;1;517
streamio-ffmpeg;1;0,0014;3;11566
streamio-magick;1;0,0014;1;956
logparser;1;0,0014;1;667
tabulatr;1;0,0014;6;1272
formtastic_datepicker_inputs;4;0,0054;17;3210
phony;2;0,0027;6;7084
Saikuro;1;0,0014;155;95737
mynyml-redgreen;3;0,0041;9;6790
torquebox;2;0,0027;3;1916
ts-datetime-delta;2;0,0027;67;22321
rails_xss;1;0,0014;18;5431
immutable_attributes;1;0,0014;3;876
simple_xlsx_writer;2;0,0027;16;2639
app_constants;1;0,0014;14;2033
em-jack;1;0,0014;2;5784
mini_exiftool;2;0,0027;16;16649
em-spec;1;0,0014;2;2948
url_validator;1;0,0014;3;480
ar_mailer_rails3;1;0,0014;13;4345
compass-rgbapng;1;0,0014;8;1689
ghost;3;0,0041;13;20362
libv8;2;0,0027;244;105084
facebook_api;1;0,0014;1;1177
sortable;1;0,0014;6;943
amqp;5;0,0068;79;240875
bertrpc;1;0,0014;11;12532
breakout_parser;1;0,0014;2;18202
csvscan;1;0,0014;8;2478
inifile;1;0,0014;5;15192
minion;1;0,0014;10;21253
zipruby;4;0,0054;79;35979
validates_email;1;0,0014;3;1162
wikicloth;1;0,0014;1;4874
rrd-ffi;1;0,0014;1;5535
sorted;2;0,0027;1;2991
paypal;1;0,0014;24;6403
dineromail;1;0,0014;1;556
big_sitemap;1;0,0014;19;1981
inploy;1;0,0014;10;13398
quick_magick;3;0,0041;6;8165
phoney;1;0,0014;2;1764
laserlemon-vestal_versions;1;0,0014;17;0
phocus;1;0,0014;2;2511
mongrel_cluster;1;0,0014;32;87809
gem_plugin;2;0,0027;554;671849
decisiv-acts_as_versioned;1;0,0014;1;0
decisiv-grouped_scope;1;0,0014;1;0
data_uri;2;0,0027;2;991
ruby-bitly;2;0,0027;3;4053
lorax;1;0,0014;12;2005
active_enum;1;0,0014;7;11027
my_obfuscate;1;0,0014;1;2233
rspec-set;1;0,0014;3;710
backgroundrb-rails3;1;0,0014;4;2992
ruby-xslt;1;0,0014;13;35970
acts_as_localizable;2;0,0027;1;1611
socksify;1;0,0014;2;6424
pdf-stamper;1;0,0014;1;941
pdf-toolkit;1;0,0014;15;5404
pdf_utils;1;0,0014;1;532
seedbank;1;0,0014;6;1429
curb-fu;2;0,0027;15;6640
sketches;1;0,0014;16;15240
validatable;4;0,0054;125;41848
config_object;3;0,0041;1;634
html_to_plain_text;1;0,0014;3;502
last_mod_cache;1;0,0014;2;305
brightcove-api;1;0,0014;11;4228
acts_as_revisionable;1;0,0014;3;2345
memory_test_fix;1;0,0014;4;2880
rufus-mnemo;1;0,0014;15;10367
lumberjack;2;0,0027;8;1311
whiskey_disk;1;0,0014;6;8550
mongoid_auto_inc;1;0,0014;3;782
mixpanel_client;2;0,0027;13;5160
vanities;2;0,0027;3;563
parseconfig;1;0,0014;2;15764
enumerations_mixin;1;0,0014;5;1043
sequel_rails3;2;0,0027;1;1134
redns;3;0,0041;1;3564
whois;3;0,0041;26;34541
em-mysql;2;0,0027;1;2639
text-hyphen;1;0,0014;34;132839
freshbooks;1;0,0014;6;1909
ruby-taglib2;1;0,0014;1;1688
comfortable_mexican_sofa;1;0,0014;11;18737
aws-ext;2;0,0027;3;1941
timeliness;1;0,0014;180;36139
sunspot_test;1;0,0014;3;1051
file-utils;1;0,0014;3;1931
tvdb_party;1;0,0014;4;5523
cups;1;0,0014;3;2627
bridge;2;0,0027;1;12371
proxies;1;0,0014;231;30509
beaconpush;1;0,0014;1;766
googlepagerank;1;0,0014;5;2681
pauldix-feedzirra;1;0,0014;54;0
bcurren-freshbooks.rb;1;0,0014;7;0
statsmix;1;0,0014;1;791
ohai;1;0,0014;18;375139
oauth2-provider;1;0,0014;4;8867
jwt;2;0,0027;37;18006
faraday-stack;1;0,0014;45;16660
i18n-inflector-rails;1;0,0014;6;16054
fixture_builder;1;0,0014;12;19312
klout;1;0,0014;1;614
spectator-validates_email;2;0,0027;6;3556
carrot;1;0,0014;16;12328
elkinsware-erubis_rails_helper;1;0,0014;7;0
reliable-msg;1;0,0014;7;3973
celerity;1;0,0014;549;360252
activerecord-jdbcmssql-adapter;1;0,0014;2;6436
jdbc-sqlite3;1;0,0014;2;41397
activemdb;1;0,0014;1;2795
firewatir;1;0,0014;14;98850
mootools-rails;1;0,0014;4;1356
valium;2;0,0027;6;888
rack-gridfs;1;0,0014;10;2228
active_merchant_first_data;1;0,0014;1;116
localtunnel;1;0,0014;4;5048
stateflow;2;0,0027;19;10171
rspec-spies;1;0,0014;1;3135
jsonify-rails;2;0,0027;2;1196
nfo-resque-mongo;1;0,0014;1;223
win32-process;1;0,0014;3;112717
sprite-factory;1;0,0014;1;545
compass-susy-plugin;1;0,0014;47;22983
javascript_features;2;0,0027;4;540
easy-prof;1;0,0014;5;977
data_mapper;2;0,0027;2;35329
terminator;1;0,0014;5;4742
valvat;1;0,0014;5;2899
joint;1;0,0014;16;11702
mm-concerns;1;0,0014;1;620
mm-embeddable;1;0,0014;1;391
mm-paranoid;1;0,0014;4;528
mm-stripper;1;0,0014;1;532
mm-multi-parameter-attributes;1;0,0014;21;1878
mm-sanitize;1;0,0014;1;505
mongo_mapper_acts_as_list;2;0,0027;8;1217
mongo-rails-instrumentation;1;0,0014;15;3783
escargot;1;0,0014;2;409
starling;1;0,0014;46;18027
rack-webtranslateit;1;0,0014;2;2142
image_validator;1;0,0014;2;575
adwords-api;1;0,0014;2;0
cwninja-whenever;1;0,0014;2;0
super-poller;1;0,0014;2;1582
peach;2;0,0027;9;3436
resource_controller;1;0,0014;32;9191
inkling;1;0,0014;1;2184
ruote;1;0,0014;6;11409
ratom;1;0,0014;14;16881
gemcutter;1;0,0014;37;320685
gabba;1;0,0014;17;1902
backbone-rails;2;0,0027;4;2303
nested_has_many_through;1;0,0014;13;1144
isbn-tools;1;0,0014;9;2221
heroku-rails;1;0,0014;7;4933
guard-passenger;1;0,0014;5;4520
ruby-pg;1;0,0014;5;15055
rdf;1;0,0014;4;18176
pismo;1;0,0014;9;4744
heroku_s3_backup;2;0,0027;32;1471
nokogiri-happymapper;2;0,0027;10;2550
restclient_with_cert;1;0,0014;62;10045
acts_as_archive;3;0,0041;62;13979
rest-open-uri;1;0,0014;5;6563
refinerycms-portfolio;1;0,0014;30;10183
amistad;1;0,0014;13;5658
thoughtbot-pacecar;1;0,0014;2;0
acts_as_state_machine;1;0,0014;30;10703
couch_potato;1;0,0014;11;16238
maser-resource_controller;1;0,0014;1;0
servolux;1;0,0014;2;11505
statarray;1;0,0014;5;1495
zucker;1;0,0014;9;12436
hashery;1;0,0014;6;5918
youtube_it;3;0,0041;51;10500
masterplan;1;0,0014;1;551
alter-ego;1;0,0014;12;4128
memcache;1;0,0014;31;28043
braid;1;0,0014;3;5282
ruby-ip;1;0,0014;4;4841
statsd;1;0,0014;5;728
kensa;1;0,0014;2;4925
humanize;1;0,0014;3;1000
google-search;1;0,0014;6;4041
google-translate;1;0,0014;6;14295
elif;1;0,0014;25;34973
binged;1;0,0014;2;2974
bj;1;0,0014;20;10426
cached_model;1;0,0014;15;8764
friendly;1;0,0014;3;6622
htmltools;1;0,0014;10;5344
memcache-client-stats;1;0,0014;3;1337
rc-rest;1;0,0014;15;14937
rfacebook;1;0,0014;14;20113
ruby-yadis;1;0,0014;14;37316
sg-ruby;1;0,0014;14;1288
simple-fluther;1;0,0014;2;1721
SQS;1;0,0014;3;3228
swiftiply;1;0,0014;2;2843
google-ads-common;1;0,0014;8;2478
app_config;2;0,0027;15;6487
googlestaticmap;1;0,0014;9;1678
right-rails;1;0,0014;6;8630
ignore_nil;1;0,0014;1;1925
s3_logger;1;0,0014;2;243
nested_liquid;1;0,0014;1;849
has_inherited;1;0,0014;1;1004
date-performance;2;0,0027;25;6825
acts_as_eav_model;1;0,0014;1;1216
preference_fu;1;0,0014;3;1183
rack-geoip;1;0,0014;1;768
resque-mock;1;0,0014;2;471
ruleby;1;0,0014;7;5923
resque-pubsub;1;0,0014;1;349
cas_client;1;0,0014;1;436
resque-send-later;1;0,0014;3;162
attached;3;0,0041;1;8714
formula;1;0,0014;1;6330
test-spec;4;0,0054;8;28752
premailer-rails3;1;0,0014;5;530
encrypted_strings;1;0,0014;12;9926
rsvg2;1;0,0014;2;4332
sanitize_email;1;0,0014;26;7084
sprite;1;0,0014;7;4655
request_log;1;0,0014;3;890
debug_log;1;0,0014;1;1515
menu_builder;1;0,0014;3;4098
natcmp;1;0,0014;1;641
unidecoder;1;0,0014;10;5250
artifice;2;0,0027;6;5794
forem;1;0,0014;1;150
asf-rest-adapter;1;0,0014;2;1173
to_slug;1;0,0014;5;1930
twiliolib;2;0,0027;100;18904
remit;1;0,0014;17;5035
couchrest_model;1;0,0014;32;9082
spruz;1;0,0014;198;304414
isbn;1;0,0014;3;3041
instagram;1;0,0014;14;4113
browser_detect;1;0,0014;2;802
wufoo;1;0,0014;2;1088
gust;1;0,0014;1;748
hashr;1;0,0014;2;2345
rack-accept;1;0,0014;1;10907
gowalla;1;0,0014;11;8333
twitpic-full;1;0,0014;4;277
ach;1;0,0014;5;2049
delayed_job_tracer;1;0,0014;1;539
e20_ops_middleware;2;0,0027;11;2600
attr_encodable;1;0,0014;1;229
porter;1;0,0014;1;2684
ruby-smpp;1;0,0014;5;4178
exception_logger;1;0,0014;12;4607
simple_record;1;0,0014;17;38248
address_standardization;1;0,0014;4;1741
with_action;1;0,0014;4;700
archive-zip;1;0,0014;7;4513
easy_roles;1;0,0014;39;12487
pngqr;1;0,0014;2;742
crumble;1;0,0014;12;5959
crewait;1;0,0014;26;5259
backports;1;0,0014;20;63131
also_migrate;1;0,0014;20;7095
mover;1;0,0014;21;6598
rspec-on-rails-matchers;1;0,0014;1;269
brazilian-rails;1;0,0014;16;27770
password_strength;2;0,0027;7;8536
infinity_test;1;0,0014;7;5770
ruby-units;1;0,0014;16;18159
memprof;1;0,0014;7;12211
assert_difference;1;0,0014;1;607
broach;1;0,0014;19;7753
haversine;1;0,0014;6;972
jason;1;0,0014;2;686
passgen;1;0,0014;4;1734
restfulie;1;0,0014;21;9508
zeppelin;1;0,0014;6;414
capistrano-helpers;1;0,0014;5;8006
i18n_generators;1;0,0014;9;8199
json-jruby;1;0,0014;4;40289
devise_security_extension;1;0,0014;5;2221
showoff-io;1;0,0014;1;4741
rspec_multi_matchers;1;0,0014;1;2115
uploadify_rails3;1;0,0014;2;754
swearjar;1;0,0014;2;1472
redis-session-store;1;0,0014;8;3883
open_graph;1;0,0014;2;1309
pyapns;1;0,0014;1;427
ruby-duration;1;0,0014;4;4709
time_travel;2;0,0027;2;1320
easy_globalize3_accessors;1;0,0014;3;1198
formtastic_calendar_date_select;1;0,0014;2;1434
ActionMailer-Base-to-use-an-absolute-path-template;1;0,0014;1;1182
bigdecimal-segfault-fix;1;0,0014;1;854
most_nested_hash;1;0,0014;1;775
paperclip-time-stamped;1;0,0014;1;2275
Pr0d1r2-geokit;1;0,0014;1;1554
rails_relations_fix;1;0,0014;1;1152
url_safe_base64;1;0,0014;3;1703
with_filled_field_scope;1;0,0014;1;1449
acts-as-messageable;10;0,0136;4;2892
capybara-envjs-fixes;10;0,0136;3;5843
ready_for_i18n;2;0,0027;2;3706
flexible_csv;2;0,0027;3;2060
bounce-email;2;0,0027;1;1270
postgres_sequence_support;2;0,0027;1;773
db2s3;1;0,0014;15;3760
lindo;1;0,0014;1;1498
sinatra-reloader;2;0,0027;3;23505
require_all;1;0,0014;41;20589
autowatchr;1;0,0014;1;4259
r38y-aasm;1;0,0014;4;513
le88-aws-s3;1;0,0014;4;147
hooks;1;0,0014;23;7527
blueprints;1;0,0014;4;15649
heroku_plus;1;0,0014;1;2766
markerb;1;0,0014;4;266
paginate;1;0,0014;6;3681
mongo_ext;1;0,0014;50;54062
async_sinatra;1;0,0014;3;12946
rainbows;2;0,0027;6;17705
asset_hat;1;0,0014;29;11044
io-extra;1;0,0014;1;3522
tidy_ffi;1;0,0014;15;8011
nntp;1;0,0014;2;1629
calais;1;0,0014;10;6805
spreadsheet-excel;1;0,0014;16;10542
dawanda-statsd-client;1;0,0014;2;1757
mock-aws-s3;1;0,0014;1;2141
mock_redis;1;0,0014;2;2044
acts_as_money;1;0,0014;4;1311
ruby-mp3info;2;0,0027;52;28005
tunecore_direct;1;0,0014;2;4326
media_monster_client;1;0,0014;1;132
nu_wav;1;0,0014;1;969
activemessaging;1;0,0014;13;11889
justinfrench-formtastic;1;0,0014;70;0
POpen4;1;0,0014;762;136345
seer;1;0,0014;35;7234
google_places;1;0,0014;5;925
sequel_pg;1;0,0014;2;2302
goose;1;0,0014;2;949
activemerchant_patch_for_china;1;0,0014;2;4895
racc;1;0,0014;20;16373
rack-xframe-options;1;0,0014;2;1019
rotp;1;0,0014;3;806
resque-dynamic-queues;2;0,0027;4;1181
magick_title;1;0,0014;1;864
naturalsort;1;0,0014;2;2760
geonames;1;0,0014;39;23279
private_pub;1;0,0014;3;483
matthuhiggins-foreigner;2;0,0027;26;13469
i18n_data;2;0,0027;12;5273
redbox;1;0,0014;3;2782
active_record_base_without_table;1;0,0014;8;5648
sslrequirement;1;0,0014;13;3466
rjb;1;0,0014;13;54437
biomart;1;0,0014;1;3817
mongo_store;1;0,0014;4;2433
ripple;1;0,0014;2;9168
clogger;1;0,0014;1;8209
rspec-http;1;0,0014;1;1269
adwords4r;1;0,0014;25;21744
rchardet;1;0,0014;35;22563
require_hooks;1;0,0014;1;338
data_fabric;1;0,0014;28;8958
deep_merge;1;0,0014;7;4689
prawn-graph;1;0,0014;1;1636
guard-ego;1;0,0014;2;1868
activerecord-nulldb-adapter;1;0,0014;3;5811
embedly;1;0,0014;27;5051
rspec-given;1;0,0014;2;1769
citrus;1;0,0014;2;10947
inherited_resources_views;1;0,0014;32;9412
mongoid-eager-loading;1;0,0014;8;2994
rack-mount;1;0,0014;6268;3557351
bzip2-ruby;1;0,0014;8;5807
be_valid_asset;1;0,0014;4;1860
irb_callbacks;1;0,0014;1;807
doc_raptor;1;0,0014;21;4727
elasticity;1;0,0014;1;1786
mimemagic;1;0,0014;149;15841
grb;1;0,0014;6;7490
nilify_blanks;1;0,0014;4;946
sunspot_index_queue;1;0,0014;9;2761
gmail_xoauth;1;0,0014;26;14612
rack-revision-info;3;0,0041;4;1746
warden-openid;1;0,0014;1;1428
gpgme;1;0,0014;10;3833
resque-multi-job-forks;1;0,0014;9;2573
comatose;1;0,0014;2;1040
alphasights-prawn;1;0,0014;5;2866
inline;1;0,0014;4;6499
aws_credentials;1;0,0014;1;2012
daikon;1;0,0014;3;6962
choice;1;0,0014;29;33950
